model,auc,accuracy,training_time
Logistic Regression,0.9709495977878332,0.9942287513116475,2.2115960121154785
Support Vector Machine,0.9717980140774259,0.9931794333683106,6.268043041229248
Gradient Boosting,0.908850238813474,0.9821615949632738,3.1247670650482178
