model,auc,accuracy,training_time
Logistic Regression,0.9709495977878332,0.9942287513116475,1.943566083908081
Support Vector Machine,0.9717980140774259,0.9931794333683106,4.9227001667022705
Gradient Boosting,0.908850238813474,0.9821615949632738,2.9886138439178467
